<?xml version="1.0" encoding="UTF-8"?><?xml-stylesheet type='text/xsl' href='_UpgradeReport_Files/UpgradeReport.xslt'?><UpgradeLog>
<Properties><Property Name="Solution" Value="SpofityRuntime">
</Property><Property Name="Solution File" Value="L:\wwwhost\mediachrome\Spotify Ultra\Spotify Ultra\Spotify Ultra Web\SpofityRuntime.sln">
</Property><Property Name="User Options File" Value="L:\wwwhost\mediachrome\Spotify Ultra\Spotify Ultra\Spotify Ultra Web\SpofityRuntime.suo">
</Property><Property Name="Date" Value="den 10 mars 2011">
</Property><Property Name="Time" Value="07:31">
</Property><Property Name="Log Number" Value="3">
</Property></Properties><Event ErrorLevel="0" Project="" Source="SpofityRuntime.sln" Description="File successfully backed up as L:\wwwhost\mediachrome\Spotify Ultra\Spotify Ultra\Spotify Ultra Web\Backup2\SpofityRuntime.sln">
</Event><Event ErrorLevel="0" Project="" Source="SpofityRuntime.suo" Description="File successfully backed up as L:\wwwhost\mediachrome\Spotify Ultra\Spotify Ultra\Spotify Ultra Web\Backup2\SpofityRuntime.suo">
</Event><Event ErrorLevel="0" Project="SpofityRuntime" Source="SpofityRuntime.csproj" Description="Project file successfully backed up as L:\wwwhost\mediachrome\Spotify Ultra\Spotify Ultra\Spotify Ultra Web\Backup2\SpofityRuntime.csproj">
</Event><Event ErrorLevel="0" Project="SpofityRuntime" Source="SpofityRuntime.csproj.user" Description="Project user file successfully backed up as L:\wwwhost\mediachrome\Spotify Ultra\Spotify Ultra\Spotify Ultra Web\Backup2\SpofityRuntime.csproj.user">
</Event><Event ErrorLevel="0" Project="SpofityRuntime" Source="Appify.cs" Description="File successfully backed up as L:\wwwhost\mediachrome\Spotify Ultra\Spotify Ultra\Spotify Ultra Web\Backup2\Appify.cs">
</Event><Event ErrorLevel="0" Project="SpofityRuntime" Source="Appify.Designer.cs" Description="File successfully backed up as L:\wwwhost\mediachrome\Spotify Ultra\Spotify Ultra\Spotify Ultra Web\Backup2\Appify.Designer.cs">
</Event><Event ErrorLevel="0" Project="SpofityRuntime" Source="AssemblyInfo.cs" Description="File successfully backed up as L:\wwwhost\mediachrome\Spotify Ultra\Spotify Ultra\Spotify Ultra Web\Backup2\AssemblyInfo.cs">
</Event><Event ErrorLevel="0" Project="SpofityRuntime" Source="AudioData.cs" Description="File successfully backed up as L:\wwwhost\mediachrome\Spotify Ultra\Spotify Ultra\Spotify Ultra Web\Backup2\AudioData.cs">
</Event><Event ErrorLevel="0" Project="SpofityRuntime" Source="BassPlayer.cs" Description="File successfully backed up as L:\wwwhost\mediachrome\Spotify Ultra\Spotify Ultra\Spotify Ultra Web\Backup2\BassPlayer.cs">
</Event><Event ErrorLevel="0" Project="SpofityRuntime" Source="cBtn.cs" Description="File successfully backed up as L:\wwwhost\mediachrome\Spotify Ultra\Spotify Ultra\Spotify Ultra Web\Backup2\cBtn.cs">
</Event><Event ErrorLevel="0" Project="SpofityRuntime" Source="cBtn.Designer.cs" Description="File successfully backed up as L:\wwwhost\mediachrome\Spotify Ultra\Spotify Ultra\Spotify Ultra Web\Backup2\cBtn.Designer.cs">
</Event><Event ErrorLevel="0" Project="SpofityRuntime" Source="Form1.cs" Description="File successfully backed up as L:\wwwhost\mediachrome\Spotify Ultra\Spotify Ultra\Spotify Ultra Web\Backup2\Form1.cs">
</Event><Event ErrorLevel="0" Project="SpofityRuntime" Source="Form1.Designer.cs" Description="File successfully backed up as L:\wwwhost\mediachrome\Spotify Ultra\Spotify Ultra\Spotify Ultra Web\Backup2\Form1.Designer.cs">
</Event><Event ErrorLevel="0" Project="SpofityRuntime" Source="frmLogin.cs" Description="File successfully backed up as L:\wwwhost\mediachrome\Spotify Ultra\Spotify Ultra\Spotify Ultra Web\Backup2\frmLogin.cs">
</Event><Event ErrorLevel="0" Project="SpofityRuntime" Source="frmLogin.Designer.cs" Description="File successfully backed up as L:\wwwhost\mediachrome\Spotify Ultra\Spotify Ultra\Spotify Ultra Web\Backup2\frmLogin.Designer.cs">
</Event><Event ErrorLevel="0" Project="SpofityRuntime" Source="frmVoid.cs" Description="File successfully backed up as L:\wwwhost\mediachrome\Spotify Ultra\Spotify Ultra\Spotify Ultra Web\Backup2\frmVoid.cs">
</Event><Event ErrorLevel="0" Project="SpofityRuntime" Source="frmVoid.Designer.cs" Description="File successfully backed up as L:\wwwhost\mediachrome\Spotify Ultra\Spotify Ultra\Spotify Ultra Web\Backup2\frmVoid.Designer.cs">
</Event><Event ErrorLevel="0" Project="SpofityRuntime" Source="ListP.cs" Description="File successfully backed up as L:\wwwhost\mediachrome\Spotify Ultra\Spotify Ultra\Spotify Ultra Web\Backup2\ListP.cs">
</Event><Event ErrorLevel="0" Project="SpofityRuntime" Source="ListView.cs" Description="File successfully backed up as L:\wwwhost\mediachrome\Spotify Ultra\Spotify Ultra\Spotify Ultra Web\Backup2\ListView.cs">
</Event><Event ErrorLevel="0" Project="SpofityRuntime" Source="Login.cs" Description="File successfully backed up as L:\wwwhost\mediachrome\Spotify Ultra\Spotify Ultra\Spotify Ultra Web\Backup2\Login.cs">
</Event><Event ErrorLevel="0" Project="SpofityRuntime" Source="Login.Designer.cs" Description="File successfully backed up as L:\wwwhost\mediachrome\Spotify Ultra\Spotify Ultra\Spotify Ultra Web\Backup2\Login.Designer.cs">
</Event><Event ErrorLevel="0" Project="SpofityRuntime" Source="Music.cs" Description="File successfully backed up as L:\wwwhost\mediachrome\Spotify Ultra\Spotify Ultra\Spotify Ultra Web\Backup2\Music.cs">
</Event><Event ErrorLevel="0" Project="SpofityRuntime" Source="NewPlaylist.cs" Description="File successfully backed up as L:\wwwhost\mediachrome\Spotify Ultra\Spotify Ultra\Spotify Ultra Web\Backup2\NewPlaylist.cs">
</Event><Event ErrorLevel="0" Project="SpofityRuntime" Source="NewPlaylist.Designer.cs" Description="File successfully backed up as L:\wwwhost\mediachrome\Spotify Ultra\Spotify Ultra\Spotify Ultra Web\Backup2\NewPlaylist.Designer.cs">
</Event><Event ErrorLevel="0" Project="SpofityRuntime" Source="Program.cs" Description="File successfully backed up as L:\wwwhost\mediachrome\Spotify Ultra\Spotify Ultra\Spotify Ultra Web\Backup2\Program.cs">
</Event><Event ErrorLevel="0" Project="SpofityRuntime" Source="Properties\Resources.Designer.cs" Description="File successfully backed up as L:\wwwhost\mediachrome\Spotify Ultra\Spotify Ultra\Spotify Ultra Web\Backup2\Properties\Resources.Designer.cs">
</Event><Event ErrorLevel="0" Project="SpofityRuntime" Source="Settings.cs" Description="File successfully backed up as L:\wwwhost\mediachrome\Spotify Ultra\Spotify Ultra\Spotify Ultra Web\Backup2\Settings.cs">
</Event><Event ErrorLevel="0" Project="SpofityRuntime" Source="Settings.Designer.cs" Description="File successfully backed up as L:\wwwhost\mediachrome\Spotify Ultra\Spotify Ultra\Spotify Ultra Web\Backup2\Settings.Designer.cs">
</Event><Event ErrorLevel="0" Project="SpofityRuntime" Source="Settings1.Designer.cs" Description="File successfully backed up as L:\wwwhost\mediachrome\Spotify Ultra\Spotify Ultra\Spotify Ultra Web\Backup2\Settings1.Designer.cs">
</Event><Event ErrorLevel="0" Project="SpofityRuntime" Source="SpotifyPlugin.cs" Description="File successfully backed up as L:\wwwhost\mediachrome\Spotify Ultra\Spotify Ultra\Spotify Ultra Web\Backup2\SpotifyPlugin.cs">
</Event><Event ErrorLevel="0" Project="SpofityRuntime" Source="ucBar.cs" Description="File successfully backed up as L:\wwwhost\mediachrome\Spotify Ultra\Spotify Ultra\Spotify Ultra Web\Backup2\ucBar.cs">
</Event><Event ErrorLevel="0" Project="SpofityRuntime" Source="ucBar.designer.cs" Description="File successfully backed up as L:\wwwhost\mediachrome\Spotify Ultra\Spotify Ultra\Spotify Ultra Web\Backup2\ucBar.designer.cs">
</Event><Event ErrorLevel="0" Project="SpofityRuntime" Source="ucPosBar.cs" Description="File successfully backed up as L:\wwwhost\mediachrome\Spotify Ultra\Spotify Ultra\Spotify Ultra Web\Backup2\ucPosBar.cs">
</Event><Event ErrorLevel="0" Project="SpofityRuntime" Source="ucPosBar.Designer.cs" Description="File successfully backed up as L:\wwwhost\mediachrome\Spotify Ultra\Spotify Ultra\Spotify Ultra Web\Backup2\ucPosBar.Designer.cs">
</Event><Event ErrorLevel="0" Project="SpofityRuntime" Source="ucSearch.cs" Description="File successfully backed up as L:\wwwhost\mediachrome\Spotify Ultra\Spotify Ultra\Spotify Ultra Web\Backup2\ucSearch.cs">
</Event><Event ErrorLevel="0" Project="SpofityRuntime" Source="ucSearch.Designer.cs" Description="File successfully backed up as L:\wwwhost\mediachrome\Spotify Ultra\Spotify Ultra\Spotify Ultra Web\Backup2\ucSearch.Designer.cs">
</Event><Event ErrorLevel="0" Project="SpofityRuntime" Source="UpdatePlaylist.cs" Description="File successfully backed up as L:\wwwhost\mediachrome\Spotify Ultra\Spotify Ultra\Spotify Ultra Web\Backup2\UpdatePlaylist.cs">
</Event><Event ErrorLevel="0" Project="SpofityRuntime" Source="UpdatePlaylist.Designer.cs" Description="File successfully backed up as L:\wwwhost\mediachrome\Spotify Ultra\Spotify Ultra\Spotify Ultra Web\Backup2\UpdatePlaylist.Designer.cs">
</Event><Event ErrorLevel="0" Project="SpofityRuntime" Source="Program.cs.backup" Description="File successfully backed up as L:\wwwhost\mediachrome\Spotify Ultra\Spotify Ultra\Spotify Ultra Web\Backup2\Program.cs.backup">
</Event><Event ErrorLevel="0" Project="SpofityRuntime" Source="Resources\rbottom.png" Description="File successfully backed up as L:\wwwhost\mediachrome\Spotify Ultra\Spotify Ultra\Spotify Ultra Web\Backup2\Resources\rbottom.png">
</Event><Event ErrorLevel="0" Project="SpofityRuntime" Source="Settings.settings" Description="File successfully backed up as L:\wwwhost\mediachrome\Spotify Ultra\Spotify Ultra\Spotify Ultra Web\Backup2\Settings.settings">
</Event><Event ErrorLevel="0" Project="SpofityRuntime" Source="Resources\StyleSheet.txt" Description="File successfully backed up as L:\wwwhost\mediachrome\Spotify Ultra\Spotify Ultra\Spotify Ultra Web\Backup2\Resources\StyleSheet.txt">
</Event><Event ErrorLevel="0" Project="SpofityRuntime" Source="bin\Debug\searchfield.png" Description="File successfully backed up as L:\wwwhost\mediachrome\Spotify Ultra\Spotify Ultra\Spotify Ultra Web\Backup2\bin\Debug\searchfield.png">
</Event><Event ErrorLevel="0" Project="SpofityRuntime" Source="bin\Debug\searchfield2.png" Description="File successfully backed up as L:\wwwhost\mediachrome\Spotify Ultra\Spotify Ultra\Spotify Ultra Web\Backup2\bin\Debug\searchfield2.png">
</Event><Event ErrorLevel="0" Project="SpofityRuntime" Source="bin\Debug\searchbtn.png" Description="File successfully backed up as L:\wwwhost\mediachrome\Spotify Ultra\Spotify Ultra\Spotify Ultra Web\Backup2\bin\Debug\searchbtn.png">
</Event><Event ErrorLevel="0" Project="SpofityRuntime" Source="bin\Debug\searchfield3.png" Description="File successfully backed up as L:\wwwhost\mediachrome\Spotify Ultra\Spotify Ultra\Spotify Ultra Web\Backup2\bin\Debug\searchfield3.png">
</Event><Event ErrorLevel="0" Project="SpofityRuntime" Source="Resources\kan1.png" Description="File successfully backed up as L:\wwwhost\mediachrome\Spotify Ultra\Spotify Ultra\Spotify Ultra Web\Backup2\Resources\kan1.png">
</Event><Event ErrorLevel="0" Project="SpofityRuntime" Source="Resources\kan2.png" Description="File successfully backed up as L:\wwwhost\mediachrome\Spotify Ultra\Spotify Ultra\Spotify Ultra Web\Backup2\Resources\kan2.png">
</Event><Event ErrorLevel="0" Project="SpofityRuntime" Source="Resources\column_header.png" Description="File successfully backed up as L:\wwwhost\mediachrome\Spotify Ultra\Spotify Ultra\Spotify Ultra Web\Backup2\Resources\column_header.png">
</Event><Event ErrorLevel="0" Project="SpofityRuntime" Source="Resources\top_bar_blue.png" Description="File successfully backed up as L:\wwwhost\mediachrome\Spotify Ultra\Spotify Ultra\Spotify Ultra Web\Backup2\Resources\top_bar_blue.png">
</Event><Event ErrorLevel="0" Project="SpofityRuntime" Source="Resources\top_wall.png" Description="File successfully backed up as L:\wwwhost\mediachrome\Spotify Ultra\Spotify Ultra\Spotify Ultra Web\Backup2\Resources\top_wall.png">
</Event><Event ErrorLevel="0" Project="SpofityRuntime" Source="Resources\top_toolbar.png" Description="File successfully backed up as L:\wwwhost\mediachrome\Spotify Ultra\Spotify Ultra\Spotify Ultra Web\Backup2\Resources\top_toolbar.png">
</Event><Event ErrorLevel="0" Project="SpofityRuntime" Source="NAudio.dll" Description="File successfully backed up as L:\wwwhost\mediachrome\Spotify Ultra\Spotify Ultra\Spotify Ultra Web\Backup2\NAudio.dll">
</Event><Event ErrorLevel="0" Project="SpofityRuntime" Source="Properties\NAudio.dll" Description="File successfully backed up as L:\wwwhost\mediachrome\Spotify Ultra\Spotify Ultra\Spotify Ultra Web\Backup2\Properties\NAudio.dll">
</Event><Event ErrorLevel="0" Project="SpofityRuntime" Source="Appify.resx" Description="File successfully backed up as L:\wwwhost\mediachrome\Spotify Ultra\Spotify Ultra\Spotify Ultra Web\Backup2\Appify.resx">
</Event><Event ErrorLevel="0" Project="SpofityRuntime" Source="cBtn.resx" Description="File successfully backed up as L:\wwwhost\mediachrome\Spotify Ultra\Spotify Ultra\Spotify Ultra Web\Backup2\cBtn.resx">
</Event><Event ErrorLevel="0" Project="SpofityRuntime" Source="Form1.resx" Description="File successfully backed up as L:\wwwhost\mediachrome\Spotify Ultra\Spotify Ultra\Spotify Ultra Web\Backup2\Form1.resx">
</Event><Event ErrorLevel="0" Project="SpofityRuntime" Source="frmLogin.resx" Description="File successfully backed up as L:\wwwhost\mediachrome\Spotify Ultra\Spotify Ultra\Spotify Ultra Web\Backup2\frmLogin.resx">
</Event><Event ErrorLevel="0" Project="SpofityRuntime" Source="frmVoid.resx" Description="File successfully backed up as L:\wwwhost\mediachrome\Spotify Ultra\Spotify Ultra\Spotify Ultra Web\Backup2\frmVoid.resx">
</Event><Event ErrorLevel="0" Project="SpofityRuntime" Source="Login.resx" Description="File successfully backed up as L:\wwwhost\mediachrome\Spotify Ultra\Spotify Ultra\Spotify Ultra Web\Backup2\Login.resx">
</Event><Event ErrorLevel="0" Project="SpofityRuntime" Source="Properties\Resources.resx" Description="File successfully backed up as L:\wwwhost\mediachrome\Spotify Ultra\Spotify Ultra\Spotify Ultra Web\Backup2\Properties\Resources.resx">
</Event><Event ErrorLevel="0" Project="SpofityRuntime" Source="ucBar.resx" Description="File successfully backed up as L:\wwwhost\mediachrome\Spotify Ultra\Spotify Ultra\Spotify Ultra Web\Backup2\ucBar.resx">
</Event><Event ErrorLevel="0" Project="SpofityRuntime" Source="ucPosBar.resx" Description="File successfully backed up as L:\wwwhost\mediachrome\Spotify Ultra\Spotify Ultra\Spotify Ultra Web\Backup2\ucPosBar.resx">
</Event><Event ErrorLevel="0" Project="SpofityRuntime" Source="ucSearch.resx" Description="File successfully backed up as L:\wwwhost\mediachrome\Spotify Ultra\Spotify Ultra\Spotify Ultra Web\Backup2\ucSearch.resx">
</Event><Event ErrorLevel="0" Project="SpofityRuntime" Source="UpdatePlaylist.resx" Description="File successfully backed up as L:\wwwhost\mediachrome\Spotify Ultra\Spotify Ultra\Spotify Ultra Web\Backup2\UpdatePlaylist.resx">
</Event><Event ErrorLevel="0" Project="SpofityRuntime" Source="SpofityRuntime.csproj" Description="Project converted successfully">
</Event><Event ErrorLevel="3" Project="SpofityRuntime" Source="SpofityRuntime.csproj" Description="Converted">
</Event><Event ErrorLevel="1" Project="libspotify-sharp" Source="..\libspotify-sharp\libspotify-sharp.csproj" Description="Warning: The project file is being backed up to a relative path that differs from the original solution relative path.  The difference in folder hierarchy may create problems in opening or building the backed up solution and project.">
</Event><Event ErrorLevel="0" Project="libspotify-sharp" Source="..\libspotify-sharp\libspotify-sharp.csproj" Description="Project file successfully backed up as L:\wwwhost\mediachrome\Spotify Ultra\Spotify Ultra\Spotify Ultra Web\Backup2\libspotify-sharp\libspotify-sharp.csproj">
</Event><Event ErrorLevel="0" Project="libspotify-sharp" Source="..\libspotify-sharp\Properties\AssemblyInfo.cs" Description="File successfully backed up as L:\wwwhost\mediachrome\Spotify Ultra\Spotify Ultra\Spotify Ultra Web\Backup2\libspotify-sharp\Properties\AssemblyInfo.cs">
</Event><Event ErrorLevel="0" Project="libspotify-sharp" Source="..\libspotify-sharp\src\Events\AlbumBrowseEventArgs.cs" Description="File successfully backed up as L:\wwwhost\mediachrome\Spotify Ultra\Spotify Ultra\Spotify Ultra Web\Backup2\libspotify-sharp\src\Events\AlbumBrowseEventArgs.cs">
</Event><Event ErrorLevel="0" Project="libspotify-sharp" Source="..\libspotify-sharp\src\Events\ArtistBrowseEventArgs.cs" Description="File successfully backed up as L:\wwwhost\mediachrome\Spotify Ultra\Spotify Ultra\Spotify Ultra Web\Backup2\libspotify-sharp\src\Events\ArtistBrowseEventArgs.cs">
</Event><Event ErrorLevel="0" Project="libspotify-sharp" Source="..\libspotify-sharp\src\Events\EventWorkItem.cs" Description="File successfully backed up as L:\wwwhost\mediachrome\Spotify Ultra\Spotify Ultra\Spotify Ultra Web\Backup2\libspotify-sharp\src\Events\EventWorkItem.cs">
</Event><Event ErrorLevel="0" Project="libspotify-sharp" Source="..\libspotify-sharp\src\Events\MusicDeliveryEventArgs.cs" Description="File successfully backed up as L:\wwwhost\mediachrome\Spotify Ultra\Spotify Ultra\Spotify Ultra Web\Backup2\libspotify-sharp\src\Events\MusicDeliveryEventArgs.cs">
</Event><Event ErrorLevel="0" Project="libspotify-sharp" Source="..\libspotify-sharp\src\Events\PlaylistContainerEventArgs.cs" Description="File successfully backed up as L:\wwwhost\mediachrome\Spotify Ultra\Spotify Ultra\Spotify Ultra Web\Backup2\libspotify-sharp\src\Events\PlaylistContainerEventArgs.cs">
</Event><Event ErrorLevel="0" Project="libspotify-sharp" Source="..\libspotify-sharp\src\Events\PlaylistEventArgs.cs" Description="File successfully backed up as L:\wwwhost\mediachrome\Spotify Ultra\Spotify Ultra\Spotify Ultra Web\Backup2\libspotify-sharp\src\Events\PlaylistEventArgs.cs">
</Event><Event ErrorLevel="0" Project="libspotify-sharp" Source="..\libspotify-sharp\src\Events\SearchEventArgs.cs" Description="File successfully backed up as L:\wwwhost\mediachrome\Spotify Ultra\Spotify Ultra\Spotify Ultra Web\Backup2\libspotify-sharp\src\Events\SearchEventArgs.cs">
</Event><Event ErrorLevel="0" Project="libspotify-sharp" Source="..\libspotify-sharp\src\Events\SessionEventArgs.cs" Description="File successfully backed up as L:\wwwhost\mediachrome\Spotify Ultra\Spotify Ultra\Spotify Ultra Web\Backup2\libspotify-sharp\src\Events\SessionEventArgs.cs">
</Event><Event ErrorLevel="0" Project="libspotify-sharp" Source="..\libspotify-sharp\src\Events\TracksEventArgs.cs" Description="File successfully backed up as L:\wwwhost\mediachrome\Spotify Ultra\Spotify Ultra\Spotify Ultra Web\Backup2\libspotify-sharp\src\Events\TracksEventArgs.cs">
</Event><Event ErrorLevel="0" Project="libspotify-sharp" Source="..\libspotify-sharp\src\Album.cs" Description="File successfully backed up as L:\wwwhost\mediachrome\Spotify Ultra\Spotify Ultra\Spotify Ultra Web\Backup2\libspotify-sharp\src\Album.cs">
</Event><Event ErrorLevel="0" Project="libspotify-sharp" Source="..\libspotify-sharp\src\AlbumBrowse.cs" Description="File successfully backed up as L:\wwwhost\mediachrome\Spotify Ultra\Spotify Ultra\Spotify Ultra Web\Backup2\libspotify-sharp\src\AlbumBrowse.cs">
</Event><Event ErrorLevel="0" Project="libspotify-sharp" Source="..\libspotify-sharp\src\Artist.cs" Description="File successfully backed up as L:\wwwhost\mediachrome\Spotify Ultra\Spotify Ultra\Spotify Ultra Web\Backup2\libspotify-sharp\src\Artist.cs">
</Event><Event ErrorLevel="0" Project="libspotify-sharp" Source="..\libspotify-sharp\src\ArtistBrowse.cs" Description="File successfully backed up as L:\wwwhost\mediachrome\Spotify Ultra\Spotify Ultra\Spotify Ultra Web\Backup2\libspotify-sharp\src\ArtistBrowse.cs">
</Event><Event ErrorLevel="0" Project="libspotify-sharp" Source="..\libspotify-sharp\src\libspotify.cs" Description="File successfully backed up as L:\wwwhost\mediachrome\Spotify Ultra\Spotify Ultra\Spotify Ultra Web\Backup2\libspotify-sharp\src\libspotify.cs">
</Event><Event ErrorLevel="0" Project="libspotify-sharp" Source="..\libspotify-sharp\src\Link.cs" Description="File successfully backed up as L:\wwwhost\mediachrome\Spotify Ultra\Spotify Ultra\Spotify Ultra Web\Backup2\libspotify-sharp\src\Link.cs">
</Event><Event ErrorLevel="0" Project="libspotify-sharp" Source="..\libspotify-sharp\src\PlayList.cs" Description="File successfully backed up as L:\wwwhost\mediachrome\Spotify Ultra\Spotify Ultra\Spotify Ultra Web\Backup2\libspotify-sharp\src\PlayList.cs">
</Event><Event ErrorLevel="0" Project="libspotify-sharp" Source="..\libspotify-sharp\src\PlaylistContainer.cs" Description="File successfully backed up as L:\wwwhost\mediachrome\Spotify Ultra\Spotify Ultra\Spotify Ultra Web\Backup2\libspotify-sharp\src\PlaylistContainer.cs">
</Event><Event ErrorLevel="0" Project="libspotify-sharp" Source="..\libspotify-sharp\src\Search.cs" Description="File successfully backed up as L:\wwwhost\mediachrome\Spotify Ultra\Spotify Ultra\Spotify Ultra Web\Backup2\libspotify-sharp\src\Search.cs">
</Event><Event ErrorLevel="0" Project="libspotify-sharp" Source="..\libspotify-sharp\src\Session.cs" Description="File successfully backed up as L:\wwwhost\mediachrome\Spotify Ultra\Spotify Ultra\Spotify Ultra Web\Backup2\libspotify-sharp\src\Session.cs">
</Event><Event ErrorLevel="0" Project="libspotify-sharp" Source="..\libspotify-sharp\src\SpotifyException.cs" Description="File successfully backed up as L:\wwwhost\mediachrome\Spotify Ultra\Spotify Ultra\Spotify Ultra Web\Backup2\libspotify-sharp\src\SpotifyException.cs">
</Event><Event ErrorLevel="0" Project="libspotify-sharp" Source="..\libspotify-sharp\src\Track.cs" Description="File successfully backed up as L:\wwwhost\mediachrome\Spotify Ultra\Spotify Ultra\Spotify Ultra Web\Backup2\libspotify-sharp\src\Track.cs">
</Event><Event ErrorLevel="0" Project="libspotify-sharp" Source="..\libspotify-sharp\src\User.cs" Description="File successfully backed up as L:\wwwhost\mediachrome\Spotify Ultra\Spotify Ultra\Spotify Ultra Web\Backup2\libspotify-sharp\src\User.cs">
</Event><Event ErrorLevel="0" Project="libspotify-sharp" Source="..\libspotify-sharp\src\Events\ImageEventArgs.cs" Description="File successfully backed up as L:\wwwhost\mediachrome\Spotify Ultra\Spotify Ultra\Spotify Ultra Web\Backup2\libspotify-sharp\src\Events\ImageEventArgs.cs">
</Event><Event ErrorLevel="0" Project="libspotify-sharp" Source="..\libspotify-sharp\libspotify-sharp.csproj" Description="The project file does not require conversion.">
</Event><Event ErrorLevel="3" Project="libspotify-sharp" Source="..\libspotify-sharp\libspotify-sharp.csproj" Description="No Conversion Required">
</Event><Event ErrorLevel="0" Project="" Source="SpofityRuntime.sln" Description="Solution converted successfully">
</Event><Event ErrorLevel="3" Project="" Source="SpofityRuntime.sln" Description="Converted">
</Event><Event ErrorLevel="0" Project="SpofityRuntime" Source="SpofityRuntime.csproj" Description="Scan complete: Upgrade not required for project files.">
</Event></UpgradeLog>