<?xml version="1.0" encoding="UTF-8"?><?xml-stylesheet type='text/xsl' href='_UpgradeReport_Files/UpgradeReport.xslt'?><UpgradeLog>
<Properties><Property Name="Solution" Value="Board">
</Property><Property Name="Solution File" Value="L:\wwwhost\mediachrome\Spotify Ultra\Spotify Ultra\Board\Board.sln">
</Property><Property Name="Date" Value="den 20 april 2011">
</Property><Property Name="Time" Value="17:06:26">
</Property></Properties><Event ErrorLevel="0" Project="Jint" Source="..\Jint\Jint.csproj" Description="Project file successfully backed up as L:\wwwhost\mediachrome\Spotify Ultra\Spotify Ultra\Board\Backup\Jint.csproj">
</Event><Event ErrorLevel="0" Project="Jint" Source="..\Jint\CachedTypeResolver.cs" Description="File successfully backed up as L:\wwwhost\mediachrome\Spotify Ultra\Spotify Ultra\Board\Backup\CachedTypeResolver.cs">
</Event><Event ErrorLevel="0" Project="Jint" Source="..\Jint\Expressions\CustomWalkerPosition.cs" Description="File successfully backed up as L:\wwwhost\mediachrome\Spotify Ultra\Spotify Ultra\Board\Backup\Expressions\CustomWalkerPosition.cs">
</Event><Event ErrorLevel="0" Project="Jint" Source="..\Jint\Expressions\IWalkable.cs" Description="File successfully backed up as L:\wwwhost\mediachrome\Spotify Ultra\Spotify Ultra\Board\Backup\Expressions\IWalkable.cs">
</Event><Event ErrorLevel="0" Project="Jint" Source="..\Jint\Expressions\StatementWalker.cs" Description="File successfully backed up as L:\wwwhost\mediachrome\Spotify Ultra\Spotify Ultra\Board\Backup\Expressions\StatementWalker.cs">
</Event><Event ErrorLevel="0" Project="Jint" Source="..\Jint\Expressions\StatementWalkerPosition.cs" Description="File successfully backed up as L:\wwwhost\mediachrome\Spotify Ultra\Spotify Ultra\Board\Backup\Expressions\StatementWalkerPosition.cs">
</Event><Event ErrorLevel="0" Project="Jint" Source="..\Jint\Marshal\Delegates.cs" Description="File successfully backed up as L:\wwwhost\mediachrome\Spotify Ultra\Spotify Ultra\Board\Backup\Marshal\Delegates.cs">
</Event><Event ErrorLevel="0" Project="Jint" Source="..\Jint\Marshal\JsFunctionDelegate.cs" Description="File successfully backed up as L:\wwwhost\mediachrome\Spotify Ultra\Spotify Ultra\Board\Backup\Marshal\JsFunctionDelegate.cs">
</Event><Event ErrorLevel="0" Project="Jint" Source="..\Jint\Marshal\JsPropertyAttribute.cs" Description="File successfully backed up as L:\wwwhost\mediachrome\Spotify Ultra\Spotify Ultra\Board\Backup\Marshal\JsPropertyAttribute.cs">
</Event><Event ErrorLevel="0" Project="Jint" Source="..\Jint\Marshal\ProxyHelper.cs" Description="File successfully backed up as L:\wwwhost\mediachrome\Spotify Ultra\Spotify Ultra\Board\Backup\Marshal\ProxyHelper.cs">
</Event><Event ErrorLevel="0" Project="Jint" Source="..\Jint\Marshal\RawJsMethodAttribute.cs" Description="File successfully backed up as L:\wwwhost\mediachrome\Spotify Ultra\Spotify Ultra\Board\Backup\Marshal\RawJsMethodAttribute.cs">
</Event><Event ErrorLevel="0" Project="Jint" Source="..\Jint\Native\ClrFunction.cs" Description="File successfully backed up as L:\wwwhost\mediachrome\Spotify Ultra\Spotify Ultra\Board\Backup\Native\ClrFunction.cs">
</Event><Event ErrorLevel="0" Project="Jint" Source="..\Jint\Native\INativeIndexer.cs" Description="File successfully backed up as L:\wwwhost\mediachrome\Spotify Ultra\Spotify Ultra\Board\Backup\Native\INativeIndexer.cs">
</Event><Event ErrorLevel="0" Project="Jint" Source="..\Jint\Native\NativeArrayIndexer.cs" Description="File successfully backed up as L:\wwwhost\mediachrome\Spotify Ultra\Spotify Ultra\Board\Backup\Native\NativeArrayIndexer.cs">
</Event><Event ErrorLevel="0" Project="Jint" Source="..\Jint\Native\NativeIndexer.cs" Description="File successfully backed up as L:\wwwhost\mediachrome\Spotify Ultra\Spotify Ultra\Board\Backup\Native\NativeIndexer.cs">
</Event><Event ErrorLevel="0" Project="Jint" Source="..\Jint\Native\NativeOverloadImpl.cs" Description="File successfully backed up as L:\wwwhost\mediachrome\Spotify Ultra\Spotify Ultra\Board\Backup\Native\NativeOverloadImpl.cs">
</Event><Event ErrorLevel="0" Project="Jint" Source="..\Jint\Native\NativeDescriptor.cs" Description="File successfully backed up as L:\wwwhost\mediachrome\Spotify Ultra\Spotify Ultra\Board\Backup\Native\NativeDescriptor.cs">
</Event><Event ErrorLevel="0" Project="Jint" Source="..\Jint\Marshal.cs" Description="File successfully backed up as L:\wwwhost\mediachrome\Spotify Ultra\Spotify Ultra\Board\Backup\Marshal.cs">
</Event><Event ErrorLevel="0" Project="Jint" Source="..\Jint\Native\NativeConstructor.cs" Description="File successfully backed up as L:\wwwhost\mediachrome\Spotify Ultra\Spotify Ultra\Board\Backup\Native\NativeConstructor.cs">
</Event><Event ErrorLevel="0" Project="Jint" Source="..\Jint\Native\NativeMethodOverload.cs" Description="File successfully backed up as L:\wwwhost\mediachrome\Spotify Ultra\Spotify Ultra\Board\Backup\Native\NativeMethodOverload.cs">
</Event><Event ErrorLevel="0" Project="Jint" Source="..\Jint\Native\ILiteral.cs" Description="File successfully backed up as L:\wwwhost\mediachrome\Spotify Ultra\Spotify Ultra\Board\Backup\Native\ILiteral.cs">
</Event><Event ErrorLevel="0" Project="Jint" Source="..\Jint\Native\NativeMethod.cs" Description="File successfully backed up as L:\wwwhost\mediachrome\Spotify Ultra\Spotify Ultra\Board\Backup\Native\NativeMethod.cs">
</Event><Event ErrorLevel="0" Project="Jint" Source="..\Jint\Native\LinkedDescriptor.cs" Description="File successfully backed up as L:\wwwhost\mediachrome\Spotify Ultra\Spotify Ultra\Board\Backup\Native\LinkedDescriptor.cs">
</Event><Event ErrorLevel="0" Project="Jint" Source="..\Jint\Native\NativeGenericType.cs" Description="File successfully backed up as L:\wwwhost\mediachrome\Spotify Ultra\Spotify Ultra\Board\Backup\Native\NativeGenericType.cs">
</Event><Event ErrorLevel="0" Project="Jint" Source="..\Jint\Native\NativeTypeConstructor.cs" Description="File successfully backed up as L:\wwwhost\mediachrome\Spotify Ultra\Spotify Ultra\Board\Backup\Native\NativeTypeConstructor.cs">
</Event><Event ErrorLevel="0" Project="Jint" Source="..\Jint\Parser\ES3Lexer.cs" Description="File successfully backed up as L:\wwwhost\mediachrome\Spotify Ultra\Spotify Ultra\Board\Backup\Parser\ES3Lexer.cs">
</Event><Event ErrorLevel="0" Project="Jint" Source="..\Jint\Parser\ES3Parser.cs" Description="File successfully backed up as L:\wwwhost\mediachrome\Spotify Ultra\Spotify Ultra\Board\Backup\Parser\ES3Parser.cs">
</Event><Event ErrorLevel="0" Project="Jint" Source="..\Jint\PropertyBags\DictionaryPropertyBag.cs" Description="File successfully backed up as L:\wwwhost\mediachrome\Spotify Ultra\Spotify Ultra\Board\Backup\PropertyBags\DictionaryPropertyBag.cs">
</Event><Event ErrorLevel="0" Project="Jint" Source="..\Jint\PropertyBags\DoubleListPropertyBag.cs" Description="File successfully backed up as L:\wwwhost\mediachrome\Spotify Ultra\Spotify Ultra\Board\Backup\PropertyBags\DoubleListPropertyBag.cs">
</Event><Event ErrorLevel="0" Project="Jint" Source="..\Jint\Debugger\BreakPoint.cs" Description="File successfully backed up as L:\wwwhost\mediachrome\Spotify Ultra\Spotify Ultra\Board\Backup\Debugger\BreakPoint.cs">
</Event><Event ErrorLevel="0" Project="Jint" Source="..\Jint\Debugger\DebugInformation.cs" Description="File successfully backed up as L:\wwwhost\mediachrome\Spotify Ultra\Spotify Ultra\Board\Backup\Debugger\DebugInformation.cs">
</Event><Event ErrorLevel="0" Project="Jint" Source="..\Jint\Debugger\SourceCodeDescriptor.cs" Description="File successfully backed up as L:\wwwhost\mediachrome\Spotify Ultra\Spotify Ultra\Board\Backup\Debugger\SourceCodeDescriptor.cs">
</Event><Event ErrorLevel="0" Project="Jint" Source="..\Jint\Expressions\IFunctionDeclaration.cs" Description="File successfully backed up as L:\wwwhost\mediachrome\Spotify Ultra\Spotify Ultra\Board\Backup\Expressions\IFunctionDeclaration.cs">
</Event><Event ErrorLevel="0" Project="Jint" Source="..\Jint\Expressions\IGenericExpression.cs" Description="File successfully backed up as L:\wwwhost\mediachrome\Spotify Ultra\Spotify Ultra\Board\Backup\Expressions\IGenericExpression.cs">
</Event><Event ErrorLevel="0" Project="Jint" Source="..\Jint\Expressions\WithStatement.cs" Description="File successfully backed up as L:\wwwhost\mediachrome\Spotify Ultra\Spotify Ultra\Board\Backup\Expressions\WithStatement.cs">
</Event><Event ErrorLevel="0" Project="Jint" Source="..\Jint\Expressions\PropertyDeclarationExpression.cs" Description="File successfully backed up as L:\wwwhost\mediachrome\Spotify Ultra\Spotify Ultra\Board\Backup\Expressions\PropertyDeclarationExpression.cs">
</Event><Event ErrorLevel="0" Project="Jint" Source="..\Jint\IConstructorInvoker.cs" Description="File successfully backed up as L:\wwwhost\mediachrome\Spotify Ultra\Spotify Ultra\Board\Backup\IConstructorInvoker.cs">
</Event><Event ErrorLevel="0" Project="Jint" Source="..\Jint\PropertyBags\HashedPropertyBag.cs" Description="File successfully backed up as L:\wwwhost\mediachrome\Spotify Ultra\Spotify Ultra\Board\Backup\PropertyBags\HashedPropertyBag.cs">
</Event><Event ErrorLevel="0" Project="Jint" Source="..\Jint\PropertyBags\IPropertyBag.cs" Description="File successfully backed up as L:\wwwhost\mediachrome\Spotify Ultra\Spotify Ultra\Board\Backup\PropertyBags\IPropertyBag.cs">
</Event><Event ErrorLevel="0" Project="Jint" Source="..\Jint\Native\IGlobal.cs" Description="File successfully backed up as L:\wwwhost\mediachrome\Spotify Ultra\Spotify Ultra\Board\Backup\Native\IGlobal.cs">
</Event><Event ErrorLevel="0" Project="Jint" Source="..\Jint\Native\JsApplyFunction.cs" Description="File successfully backed up as L:\wwwhost\mediachrome\Spotify Ultra\Spotify Ultra\Board\Backup\Native\JsApplyFunction.cs">
</Event><Event ErrorLevel="0" Project="Jint" Source="..\Jint\Native\Descriptor.cs" Description="File successfully backed up as L:\wwwhost\mediachrome\Spotify Ultra\Spotify Ultra\Board\Backup\Native\Descriptor.cs">
</Event><Event ErrorLevel="0" Project="Jint" Source="..\Jint\Native\JsComparer.cs" Description="File successfully backed up as L:\wwwhost\mediachrome\Spotify Ultra\Spotify Ultra\Board\Backup\Native\JsComparer.cs">
</Event><Event ErrorLevel="0" Project="Jint" Source="..\Jint\Native\JsConstructor.cs" Description="File successfully backed up as L:\wwwhost\mediachrome\Spotify Ultra\Spotify Ultra\Board\Backup\Native\JsConstructor.cs">
</Event><Event ErrorLevel="0" Project="Jint" Source="..\Jint\Native\JsError.cs" Description="File successfully backed up as L:\wwwhost\mediachrome\Spotify Ultra\Spotify Ultra\Board\Backup\Native\JsError.cs">
</Event><Event ErrorLevel="0" Project="Jint" Source="..\Jint\Native\JsErrorConstructor.cs" Description="File successfully backed up as L:\wwwhost\mediachrome\Spotify Ultra\Spotify Ultra\Board\Backup\Native\JsErrorConstructor.cs">
</Event><Event ErrorLevel="0" Project="Jint" Source="..\Jint\Native\PropertyDescriptor.cs" Description="File successfully backed up as L:\wwwhost\mediachrome\Spotify Ultra\Spotify Ultra\Board\Backup\Native\PropertyDescriptor.cs">
</Event><Event ErrorLevel="0" Project="Jint" Source="..\Jint\Native\ValueDescriptor.cs" Description="File successfully backed up as L:\wwwhost\mediachrome\Spotify Ultra\Spotify Ultra\Board\Backup\Native\ValueDescriptor.cs">
</Event><Event ErrorLevel="0" Project="Jint" Source="..\Jint\Options.cs" Description="File successfully backed up as L:\wwwhost\mediachrome\Spotify Ultra\Spotify Ultra\Board\Backup\Options.cs">
</Event><Event ErrorLevel="0" Project="Jint" Source="..\Jint\ExecutionVisitor.cs" Description="File successfully backed up as L:\wwwhost\mediachrome\Spotify Ultra\Spotify Ultra\Board\Backup\ExecutionVisitor.cs">
</Event><Event ErrorLevel="0" Project="Jint" Source="..\Jint\Expressions\ArrayDeclaration.cs" Description="File successfully backed up as L:\wwwhost\mediachrome\Spotify Ultra\Spotify Ultra\Board\Backup\Expressions\ArrayDeclaration.cs">
</Event><Event ErrorLevel="0" Project="Jint" Source="..\Jint\Expressions\CommaOperatorStatement.cs" Description="File successfully backed up as L:\wwwhost\mediachrome\Spotify Ultra\Spotify Ultra\Board\Backup\Expressions\CommaOperatorStatement.cs">
</Event><Event ErrorLevel="0" Project="Jint" Source="..\Jint\Expressions\ClrIdentifier.cs" Description="File successfully backed up as L:\wwwhost\mediachrome\Spotify Ultra\Spotify Ultra\Board\Backup\Expressions\ClrIdentifier.cs">
</Event><Event ErrorLevel="0" Project="Jint" Source="..\Jint\Expressions\IAssignable.cs" Description="File successfully backed up as L:\wwwhost\mediachrome\Spotify Ultra\Spotify Ultra\Board\Backup\Expressions\IAssignable.cs">
</Event><Event ErrorLevel="0" Project="Jint" Source="..\Jint\Expressions\Identifier.cs" Description="File successfully backed up as L:\wwwhost\mediachrome\Spotify Ultra\Spotify Ultra\Board\Backup\Expressions\Identifier.cs">
</Event><Event ErrorLevel="0" Project="Jint" Source="..\Jint\Expressions\PropertyExpression.cs" Description="File successfully backed up as L:\wwwhost\mediachrome\Spotify Ultra\Spotify Ultra\Board\Backup\Expressions\PropertyExpression.cs">
</Event><Event ErrorLevel="0" Project="Jint" Source="..\Jint\Expressions\IForStatement.cs" Description="File successfully backed up as L:\wwwhost\mediachrome\Spotify Ultra\Spotify Ultra\Board\Backup\Expressions\IForStatement.cs">
</Event><Event ErrorLevel="0" Project="Jint" Source="..\Jint\JintException.cs" Description="File successfully backed up as L:\wwwhost\mediachrome\Spotify Ultra\Spotify Ultra\Board\Backup\JintException.cs">
</Event><Event ErrorLevel="0" Project="Jint" Source="..\Jint\Native\ClrImplDefinition.cs" Description="File successfully backed up as L:\wwwhost\mediachrome\Spotify Ultra\Spotify Ultra\Board\Backup\Native\ClrImplDefinition.cs">
</Event><Event ErrorLevel="0" Project="Jint" Source="..\Jint\Native\JsClrConstructorInfo.cs" Description="File successfully backed up as L:\wwwhost\mediachrome\Spotify Ultra\Spotify Ultra\Board\Backup\Native\JsClrConstructorInfo.cs">
</Event><Event ErrorLevel="0" Project="Jint" Source="..\Jint\Native\JsClrMethodInfo.cs" Description="File successfully backed up as L:\wwwhost\mediachrome\Spotify Ultra\Spotify Ultra\Board\Backup\Native\JsClrMethodInfo.cs">
</Event><Event ErrorLevel="0" Project="Jint" Source="..\Jint\Native\JsException.cs" Description="File successfully backed up as L:\wwwhost\mediachrome\Spotify Ultra\Spotify Ultra\Board\Backup\Native\JsException.cs">
</Event><Event ErrorLevel="0" Project="Jint" Source="..\Jint\Native\JsFunctionWrapper.cs" Description="File successfully backed up as L:\wwwhost\mediachrome\Spotify Ultra\Spotify Ultra\Board\Backup\Native\JsFunctionWrapper.cs">
</Event><Event ErrorLevel="0" Project="Jint" Source="..\Jint\Native\JsArguments.cs" Description="File successfully backed up as L:\wwwhost\mediachrome\Spotify Ultra\Spotify Ultra\Board\Backup\Native\JsArguments.cs">
</Event><Event ErrorLevel="0" Project="Jint" Source="..\Jint\Native\JsScope.cs" Description="File successfully backed up as L:\wwwhost\mediachrome\Spotify Ultra\Spotify Ultra\Board\Backup\Native\JsScope.cs">
</Event><Event ErrorLevel="0" Project="Jint" Source="..\Jint\Native\JsCallFunction.cs" Description="File successfully backed up as L:\wwwhost\mediachrome\Spotify Ultra\Spotify Ultra\Board\Backup\Native\JsCallFunction.cs">
</Event><Event ErrorLevel="0" Project="Jint" Source="..\Jint\Native\JsDateConstructor.cs" Description="File successfully backed up as L:\wwwhost\mediachrome\Spotify Ultra\Spotify Ultra\Board\Backup\Native\JsDateConstructor.cs">
</Event><Event ErrorLevel="0" Project="Jint" Source="..\Jint\Native\JsFunctionConstructor.cs" Description="File successfully backed up as L:\wwwhost\mediachrome\Spotify Ultra\Spotify Ultra\Board\Backup\Native\JsFunctionConstructor.cs">
</Event><Event ErrorLevel="0" Project="Jint" Source="..\Jint\Native\JsNumberConstructor.cs" Description="File successfully backed up as L:\wwwhost\mediachrome\Spotify Ultra\Spotify Ultra\Board\Backup\Native\JsNumberConstructor.cs">
</Event><Event ErrorLevel="0" Project="Jint" Source="..\Jint\Native\JsRegExpConstructor.cs" Description="File successfully backed up as L:\wwwhost\mediachrome\Spotify Ultra\Spotify Ultra\Board\Backup\Native\JsRegExpConstructor.cs">
</Event><Event ErrorLevel="0" Project="Jint" Source="..\Jint\Native\JsStringConstructor.cs" Description="File successfully backed up as L:\wwwhost\mediachrome\Spotify Ultra\Spotify Ultra\Board\Backup\Native\JsStringConstructor.cs">
</Event><Event ErrorLevel="0" Project="Jint" Source="..\Jint\Native\JsBooleanConstructor.cs" Description="File successfully backed up as L:\wwwhost\mediachrome\Spotify Ultra\Spotify Ultra\Board\Backup\Native\JsBooleanConstructor.cs">
</Event><Event ErrorLevel="0" Project="Jint" Source="..\Jint\Native\JsArrayConstructor.cs" Description="File successfully backed up as L:\wwwhost\mediachrome\Spotify Ultra\Spotify Ultra\Board\Backup\Native\JsArrayConstructor.cs">
</Event><Event ErrorLevel="0" Project="Jint" Source="..\Jint\Native\JsDictionaryObject.cs" Description="File successfully backed up as L:\wwwhost\mediachrome\Spotify Ultra\Spotify Ultra\Board\Backup\Native\JsDictionaryObject.cs">
</Event><Event ErrorLevel="0" Project="Jint" Source="..\Jint\Native\JsNull.cs" Description="File successfully backed up as L:\wwwhost\mediachrome\Spotify Ultra\Spotify Ultra\Board\Backup\Native\JsNull.cs">
</Event><Event ErrorLevel="0" Project="Jint" Source="..\Jint\Native\JsObjectConstructor.cs" Description="File successfully backed up as L:\wwwhost\mediachrome\Spotify Ultra\Spotify Ultra\Board\Backup\Native\JsObjectConstructor.cs">
</Event><Event ErrorLevel="0" Project="Jint" Source="..\Jint\Expressions\RegexpExpression.cs" Description="File successfully backed up as L:\wwwhost\mediachrome\Spotify Ultra\Spotify Ultra\Board\Backup\Expressions\RegexpExpression.cs">
</Event><Event ErrorLevel="0" Project="Jint" Source="..\Jint\Native\JsInstance.cs" Description="File successfully backed up as L:\wwwhost\mediachrome\Spotify Ultra\Spotify Ultra\Board\Backup\Native\JsInstance.cs">
</Event><Event ErrorLevel="0" Project="Jint" Source="..\Jint\Native\JsUndefined.cs" Description="File successfully backed up as L:\wwwhost\mediachrome\Spotify Ultra\Spotify Ultra\Board\Backup\Native\JsUndefined.cs">
</Event><Event ErrorLevel="0" Project="Jint" Source="..\Jint\Native\JsRegExp.cs" Description="File successfully backed up as L:\wwwhost\mediachrome\Spotify Ultra\Spotify Ultra\Board\Backup\Native\JsRegExp.cs">
</Event><Event ErrorLevel="0" Project="Jint" Source="..\Jint\Native\JsMathConstructor.cs" Description="File successfully backed up as L:\wwwhost\mediachrome\Spotify Ultra\Spotify Ultra\Board\Backup\Native\JsMathConstructor.cs">
</Event><Event ErrorLevel="0" Project="Jint" Source="..\Jint\Native\JsBoolean.cs" Description="File successfully backed up as L:\wwwhost\mediachrome\Spotify Ultra\Spotify Ultra\Board\Backup\Native\JsBoolean.cs">
</Event><Event ErrorLevel="0" Project="Jint" Source="..\Jint\Native\JsString.cs" Description="File successfully backed up as L:\wwwhost\mediachrome\Spotify Ultra\Spotify Ultra\Board\Backup\Native\JsString.cs">
</Event><Event ErrorLevel="0" Project="Jint" Source="..\Jint\Native\JsNumber.cs" Description="File successfully backed up as L:\wwwhost\mediachrome\Spotify Ultra\Spotify Ultra\Board\Backup\Native\JsNumber.cs">
</Event><Event ErrorLevel="0" Project="Jint" Source="..\Jint\Native\JsGlobal.cs" Description="File successfully backed up as L:\wwwhost\mediachrome\Spotify Ultra\Spotify Ultra\Board\Backup\Native\JsGlobal.cs">
</Event><Event ErrorLevel="0" Project="Jint" Source="..\Jint\Native\JsArray.cs" Description="File successfully backed up as L:\wwwhost\mediachrome\Spotify Ultra\Spotify Ultra\Board\Backup\Native\JsArray.cs">
</Event><Event ErrorLevel="0" Project="Jint" Source="..\Jint\Native\JsDate.cs" Description="File successfully backed up as L:\wwwhost\mediachrome\Spotify Ultra\Spotify Ultra\Board\Backup\Native\JsDate.cs">
</Event><Event ErrorLevel="0" Project="Jint" Source="..\Jint\Native\JsObject.cs" Description="File successfully backed up as L:\wwwhost\mediachrome\Spotify Ultra\Spotify Ultra\Board\Backup\Native\JsObject.cs">
</Event><Event ErrorLevel="0" Project="Jint" Source="..\Jint\Expressions\JsonExpression.cs" Description="File successfully backed up as L:\wwwhost\mediachrome\Spotify Ultra\Spotify Ultra\Board\Backup\Expressions\JsonExpression.cs">
</Event><Event ErrorLevel="0" Project="Jint" Source="..\Jint\Expressions\FunctionExpression.cs" Description="File successfully backed up as L:\wwwhost\mediachrome\Spotify Ultra\Spotify Ultra\Board\Backup\Expressions\FunctionExpression.cs">
</Event><Event ErrorLevel="0" Project="Jint" Source="..\Jint\Native\JsFunction.cs" Description="File successfully backed up as L:\wwwhost\mediachrome\Spotify Ultra\Spotify Ultra\Board\Backup\Native\JsFunction.cs">
</Event><Event ErrorLevel="0" Project="Jint" Source="..\Jint\Expressions\MemberExpression.cs" Description="File successfully backed up as L:\wwwhost\mediachrome\Spotify Ultra\Spotify Ultra\Board\Backup\Expressions\MemberExpression.cs">
</Event><Event ErrorLevel="0" Project="Jint" Source="..\Jint\Expressions\NewExpression.cs" Description="File successfully backed up as L:\wwwhost\mediachrome\Spotify Ultra\Spotify Ultra\Board\Backup\Expressions\NewExpression.cs">
</Event><Event ErrorLevel="0" Project="Jint" Source="..\Jint\Expressions\MethodCall.cs" Description="File successfully backed up as L:\wwwhost\mediachrome\Spotify Ultra\Spotify Ultra\Board\Backup\Expressions\MethodCall.cs">
</Event><Event ErrorLevel="0" Project="Jint" Source="..\Jint\ITypeResolver.cs" Description="File successfully backed up as L:\wwwhost\mediachrome\Spotify Ultra\Spotify Ultra\Board\Backup\ITypeResolver.cs">
</Event><Event ErrorLevel="0" Project="Jint" Source="..\Jint\JintEngine.cs" Description="File successfully backed up as L:\wwwhost\mediachrome\Spotify Ultra\Spotify Ultra\Board\Backup\JintEngine.cs">
</Event><Event ErrorLevel="0" Project="Jint" Source="..\Jint\Expressions\BinaryExpression.cs" Description="File successfully backed up as L:\wwwhost\mediachrome\Spotify Ultra\Spotify Ultra\Board\Backup\Expressions\BinaryExpression.cs">
</Event><Event ErrorLevel="0" Project="Jint" Source="..\Jint\Expressions\BlockStatement.cs" Description="File successfully backed up as L:\wwwhost\mediachrome\Spotify Ultra\Spotify Ultra\Board\Backup\Expressions\BlockStatement.cs">
</Event><Event ErrorLevel="0" Project="Jint" Source="..\Jint\Expressions\CaseClause.cs" Description="File successfully backed up as L:\wwwhost\mediachrome\Spotify Ultra\Spotify Ultra\Board\Backup\Expressions\CaseClause.cs">
</Event><Event ErrorLevel="0" Project="Jint" Source="..\Jint\Expressions\AssignmentExpression.cs" Description="File successfully backed up as L:\wwwhost\mediachrome\Spotify Ultra\Spotify Ultra\Board\Backup\Expressions\AssignmentExpression.cs">
</Event><Event ErrorLevel="0" Project="Jint" Source="..\Jint\Expressions\CatchClause.cs" Description="File successfully backed up as L:\wwwhost\mediachrome\Spotify Ultra\Spotify Ultra\Board\Backup\Expressions\CatchClause.cs">
</Event><Event ErrorLevel="0" Project="Jint" Source="..\Jint\Expressions\ContinueStatement.cs" Description="File successfully backed up as L:\wwwhost\mediachrome\Spotify Ultra\Spotify Ultra\Board\Backup\Expressions\ContinueStatement.cs">
</Event><Event ErrorLevel="0" Project="Jint" Source="..\Jint\Expressions\BreakStatement.cs" Description="File successfully backed up as L:\wwwhost\mediachrome\Spotify Ultra\Spotify Ultra\Board\Backup\Expressions\BreakStatement.cs">
</Event><Event ErrorLevel="0" Project="Jint" Source="..\Jint\Expressions\FinallyClause.cs" Description="File successfully backed up as L:\wwwhost\mediachrome\Spotify Ultra\Spotify Ultra\Board\Backup\Expressions\FinallyClause.cs">
</Event><Event ErrorLevel="0" Project="Jint" Source="..\Jint\Expressions\Statement.cs" Description="File successfully backed up as L:\wwwhost\mediachrome\Spotify Ultra\Spotify Ultra\Board\Backup\Expressions\Statement.cs">
</Event><Event ErrorLevel="0" Project="Jint" Source="..\Jint\Expressions\EmptyStatement.cs" Description="File successfully backed up as L:\wwwhost\mediachrome\Spotify Ultra\Spotify Ultra\Board\Backup\Expressions\EmptyStatement.cs">
</Event><Event ErrorLevel="0" Project="Jint" Source="..\Jint\Expressions\DoWhileStatement.cs" Description="File successfully backed up as L:\wwwhost\mediachrome\Spotify Ultra\Spotify Ultra\Board\Backup\Expressions\DoWhileStatement.cs">
</Event><Event ErrorLevel="0" Project="Jint" Source="..\Jint\Expressions\ExpressionStatement.cs" Description="File successfully backed up as L:\wwwhost\mediachrome\Spotify Ultra\Spotify Ultra\Board\Backup\Expressions\ExpressionStatement.cs">
</Event><Event ErrorLevel="0" Project="Jint" Source="..\Jint\Expressions\ForEachInStatement.cs" Description="File successfully backed up as L:\wwwhost\mediachrome\Spotify Ultra\Spotify Ultra\Board\Backup\Expressions\ForEachInStatement.cs">
</Event><Event ErrorLevel="0" Project="Jint" Source="..\Jint\Expressions\ForStatement.cs" Description="File successfully backed up as L:\wwwhost\mediachrome\Spotify Ultra\Spotify Ultra\Board\Backup\Expressions\ForStatement.cs">
</Event><Event ErrorLevel="0" Project="Jint" Source="..\Jint\Expressions\FunctionDeclarationStatement.cs" Description="File successfully backed up as L:\wwwhost\mediachrome\Spotify Ultra\Spotify Ultra\Board\Backup\Expressions\FunctionDeclarationStatement.cs">
</Event><Event ErrorLevel="0" Project="Jint" Source="..\Jint\Expressions\IfStatement.cs" Description="File successfully backed up as L:\wwwhost\mediachrome\Spotify Ultra\Spotify Ultra\Board\Backup\Expressions\IfStatement.cs">
</Event><Event ErrorLevel="0" Project="Jint" Source="..\Jint\Expressions\Program.cs" Description="File successfully backed up as L:\wwwhost\mediachrome\Spotify Ultra\Spotify Ultra\Board\Backup\Expressions\Program.cs">
</Event><Event ErrorLevel="0" Project="Jint" Source="..\Jint\Expressions\ReturnStatement.cs" Description="File successfully backed up as L:\wwwhost\mediachrome\Spotify Ultra\Spotify Ultra\Board\Backup\Expressions\ReturnStatement.cs">
</Event><Event ErrorLevel="0" Project="Jint" Source="..\Jint\Expressions\SwitchStatement.cs" Description="File successfully backed up as L:\wwwhost\mediachrome\Spotify Ultra\Spotify Ultra\Board\Backup\Expressions\SwitchStatement.cs">
</Event><Event ErrorLevel="0" Project="Jint" Source="..\Jint\Expressions\Expression.cs" Description="File successfully backed up as L:\wwwhost\mediachrome\Spotify Ultra\Spotify Ultra\Board\Backup\Expressions\Expression.cs">
</Event><Event ErrorLevel="0" Project="Jint" Source="..\Jint\Expressions\Indexer.cs" Description="File successfully backed up as L:\wwwhost\mediachrome\Spotify Ultra\Spotify Ultra\Board\Backup\Expressions\Indexer.cs">
</Event><Event ErrorLevel="0" Project="Jint" Source="..\Jint\IJintVisitor.cs" Description="File successfully backed up as L:\wwwhost\mediachrome\Spotify Ultra\Spotify Ultra\Board\Backup\IJintVisitor.cs">
</Event><Event ErrorLevel="0" Project="Jint" Source="..\Jint\Expressions\TernaryExpression.cs" Description="File successfully backed up as L:\wwwhost\mediachrome\Spotify Ultra\Spotify Ultra\Board\Backup\Expressions\TernaryExpression.cs">
</Event><Event ErrorLevel="0" Project="Jint" Source="..\Jint\Expressions\ThrowStatement.cs" Description="File successfully backed up as L:\wwwhost\mediachrome\Spotify Ultra\Spotify Ultra\Board\Backup\Expressions\ThrowStatement.cs">
</Event><Event ErrorLevel="0" Project="Jint" Source="..\Jint\Expressions\TryStatement.cs" Description="File successfully backed up as L:\wwwhost\mediachrome\Spotify Ultra\Spotify Ultra\Board\Backup\Expressions\TryStatement.cs">
</Event><Event ErrorLevel="0" Project="Jint" Source="..\Jint\Expressions\UnaryExpression.cs" Description="File successfully backed up as L:\wwwhost\mediachrome\Spotify Ultra\Spotify Ultra\Board\Backup\Expressions\UnaryExpression.cs">
</Event><Event ErrorLevel="0" Project="Jint" Source="..\Jint\Expressions\ValueExpression.cs" Description="File successfully backed up as L:\wwwhost\mediachrome\Spotify Ultra\Spotify Ultra\Board\Backup\Expressions\ValueExpression.cs">
</Event><Event ErrorLevel="0" Project="Jint" Source="..\Jint\Expressions\VariableDeclarationStatement.cs" Description="File successfully backed up as L:\wwwhost\mediachrome\Spotify Ultra\Spotify Ultra\Board\Backup\Expressions\VariableDeclarationStatement.cs">
</Event><Event ErrorLevel="0" Project="Jint" Source="..\Jint\Expressions\WhileStatement.cs" Description="File successfully backed up as L:\wwwhost\mediachrome\Spotify Ultra\Spotify Ultra\Board\Backup\Expressions\WhileStatement.cs">
</Event><Event ErrorLevel="0" Project="Jint" Source="..\Jint\Native\PropertyAttributes.cs" Description="File successfully backed up as L:\wwwhost\mediachrome\Spotify Ultra\Spotify Ultra\Board\Backup\Native\PropertyAttributes.cs">
</Event><Event ErrorLevel="0" Project="Jint" Source="..\Jint\Number.cs" Description="File successfully backed up as L:\wwwhost\mediachrome\Spotify Ultra\Spotify Ultra\Board\Backup\Number.cs">
</Event><Event ErrorLevel="0" Project="Jint" Source="..\Jint\Properties\AssemblyInfo.cs" Description="File successfully backed up as L:\wwwhost\mediachrome\Spotify Ultra\Spotify Ultra\Board\Backup\Properties\AssemblyInfo.cs">
</Event><Event ErrorLevel="0" Project="Jint" Source="..\Jint\PropertyBags\MiniCachedPropertyBag.cs" Description="File successfully backed up as L:\wwwhost\mediachrome\Spotify Ultra\Spotify Ultra\Board\Backup\PropertyBags\MiniCachedPropertyBag.cs">
</Event><Event ErrorLevel="0" Project="Jint" Source="..\Jint\PropertyBags\ScopedPropertyBag.cs" Description="File successfully backed up as L:\wwwhost\mediachrome\Spotify Ultra\Spotify Ultra\Board\Backup\PropertyBags\ScopedPropertyBag.cs">
</Event><Event ErrorLevel="0" Project="Jint" Source="..\Jint\Jint.csproj" Description="Project converted successfully">
</Event><Event ErrorLevel="3" Project="Jint" Source="..\Jint\Jint.csproj" Description="Converted">
</Event><Event ErrorLevel="0" Project="Jint" Source="..\Jint\Jint.csproj" Description="Scan complete: Upgrade not required for project files.">
</Event></UpgradeLog>